{
    "intents": [
        {
            "tag": "welcome",
            "patterns": ["hi", "hello", "hey", "welcome", "good morning", "good afternoon", "good evening", "hi there, how can you help me?", "hello, what can you do for me?", "hey, I'm here for the mentorship program"],
            "responses": ["Welcome to our mentorship program! How can I assist you today?", "Hello! I'm here to support you on your mentoring journey. What would you like to discuss?"]
        },
        {
            "tag": "get_started",
            "patterns": ["get started", "how do I get started with mentoring?", "begin", "how can I begin the mentoring program?", "start", "what's the first step to start mentoring?"],
            "responses": ["Great! To get started, could you tell me a bit about yourself and what you hope to achieve through mentoring?", "Sure! Let's begin by setting some goals for our mentoring relationship. What are you hoping to accomplish?"]
        },
        {
            "tag": "goals_discussion",
            "patterns": ["goals", "what are my goals?", "objectives", "how do I set my objectives?", "ambitions", "what should my ambitions be for this mentoring?"],
            "responses": ["What are your main goals for this mentoring relationship?", "Let's talk about your goals. What specific objectives would you like to work towards during our sessions?"]
        },
        {
            "tag": "matching_mentor",
            "patterns": ["find mentor", "how do I find a mentor?", "match mentor", "can you help match me with a mentor?", "get paired", "how can I get paired with a mentor?"],
            "responses": ["I can help match you with a mentor who aligns with your interests and goals. Could you tell me more about what you're looking for in a mentor?", "Let's find the right mentor for you. What qualities or expertise are important to you in a mentor?"]
        },
        {
            "tag": "progress_update",
            "patterns": ["update progress", "how do I update my progress?", "progress report", "can I get a progress report?", "status", "what's my current status?"],
            "responses": ["How are you progressing towards your goals? Any milestones or challenges you'd like to discuss?", "It's good to check in on progress. How have things been going since we last talked?"]
        },
        {
            "tag": "resource_recommendation",
            "patterns": ["resources", "can you recommend some resources?", "tools", "what tools are available?", "recommendations", "do you have any recommendations?"],
            "responses": ["Here are some resources that might help you: [Link to resource]", "I have some tools that could support your development. Would you like me to share them with you?"]
        },
        {
            "tag": "feedback",
            "patterns": ["feedback", "can I give some feedback?", "opinion", "what's your opinion?", "suggestions", "do you have any suggestions for me?"],
            "responses": ["Your feedback is important to me. How would you rate your experience with our mentoring sessions so far?", "I'd love to hear your thoughts. How can we improve our mentoring sessions to better meet your needs?"]
        },
        {
            "tag": "schedule_management",
            "patterns": ["schedule session", "can we schedule a session?", "book meeting", "how do I book a meeting?", "set appointment", "can I set an appointment?"],
            "responses": ["Let's schedule our next mentoring session. When would be a good time for you?", "Reminder: Our next mentoring session is scheduled for [Date/Time]."]
        },
        {
            "tag": "encouragement",
            "patterns": ["motivation", "can you give me some motivation?", "inspire", "I need some inspiration", "encouragement", "can you encourage me?"],
            "responses": ["Remember, every step you take brings you closer to your goals. Keep going!", "You're making great progress! What's one thing you're proud of achieving recently?"]
        },
        {
            "tag": "wrap_up",
            "patterns": ["end session", "how do we end the session?", "finish", "can we finish now?", "conclude", "how do we conclude the session?"],
            "responses": ["Before we finish, is there anything else you'd like to discuss or any questions you have?", "It's been a productive session. What's one takeaway or insight you're leaving with today?"]
        },
        {
            "tag": "fallback",
            "patterns": ["I don't understand", "can you repeat that?", "please clarify", "what do you mean?", "I don't get it", "can you explain further?"],
            "responses": ["I'm sorry, I didn't quite catch that. Could you please rephrase or provide more details?", "I'm still learning! Could you please clarify what you mean?", "I didn't understand that. Can you elaborate a bit more?"]
        },
        {
            "tag": "ambiguous_input",
            "patterns": ["ambiguous", "unclear", "multiple meanings", "not sure what you mean", "can you clarify?", "multiple interpretations"],
            "responses": ["It seems like your message could have multiple interpretations. Could you please clarify what you mean?", "I'm not sure I understand. Could you provide more context or be more specific?"]
        },
        {
            "tag": "partial_match",
            "patterns": ["partial match", "not fully clear", "incomplete", "partially understood", "not entirely clear", "half understood"],
            "responses": ["It looks like your message partially matches what I understand. Could you elaborate a bit more?", "I'm having trouble understanding. Could you provide more details or rephrase your message?"]
        },
        {
            "tag": "out_of_context",
            "patterns": ["out of context", "irrelevant", "off-topic", "not related", "unrelated", "off the subject"],
            "responses": ["That seems unrelated to our current discussion. How can I assist you with your mentoring journey?", "I'm here to help with mentoring-related topics. Is there something specific you'd like to discuss?"]
        },
        {
            "tag": "unexpected_response",
            "patterns": ["unexpected", "surprise me", "confusing", "unexpected answer", "unexpected reply", "confusing response"],
            "responses": ["I wasn't expecting that response. Could you please clarify or provide more information?", "I'm not sure how to respond to that. Could you explain what you mean or what you're looking for?"]
        },
        {
            "tag": "career_guidance",
            "patterns": ["career advice", "can you give me some career advice?", "career guidance", "how do I get career guidance?", "job search", "how do I search for a job?"],
            "responses": ["I'd be happy to help with career guidance. What field are you interested in, and what kind of advice are you looking for?", "Let's discuss your career goals. Are you looking for advice on job searching, skill development, or career transitions?"]
        },
        {
            "tag": "skill_development",
            "patterns": ["improve skills", "how can I improve my skills?", "learn new skills", "what new skills should I learn?", "skill development", "how do I develop my skills?"],
            "responses": ["Skill development is crucial for growth. What specific skills are you looking to improve or acquire?", "Let's create a plan for your skill development. Which skills would you like to focus on?"]
        },
        {
            "tag": "networking",
            "patterns": ["networking tips", "can you give me some networking tips?", "connect with professionals", "how do I connect with professionals?", "expand network", "how can I expand my network?"],
            "responses": ["Networking is key to career growth. Would you like some tips on how to effectively network?", "Let's talk about expanding your professional network. What areas or industries are you interested in?"]
        },
        {
            "tag": "overcoming_challenges",
            "patterns": ["overcome challenges", "how do I overcome challenges?", "deal with obstacles", "how do I deal with obstacles?", "face difficulties", "how can I face difficulties?"],
            "responses": ["Everyone faces challenges. Could you tell me more about the obstacles you're encountering?", "Let's work on strategies to overcome your challenges. What specific difficulties are you dealing with?"]
        },
        {
            "tag": "personal_development",
            "patterns": ["personal growth", "how can I grow personally?", "self-improvement", "what self-improvement steps should I take?", "personal development", "how do I develop personally?"],
            "responses": ["Personal development is a continuous journey. What areas of personal growth are you focusing on?", "Let's discuss your personal development goals. What aspects of self-improvement are most important to you?"]
        },
        {
            "tag": "time_management",
            "patterns": ["manage time", "how do I manage my time better?", "time management tips", "can you give me time management tips?", "effective time management", "how can I manage my time effectively?"],
            "responses": ["Time management is key to productivity. What are your biggest challenges with managing time?", "Let's develop some time management strategies. What tasks or activities do you need help organizing?"]
        },
        {
            "tag": "stress_management",
            "patterns": ["manage stress", "how do I manage stress?", "stress management tips", "can you give me stress management tips?", "how to handle stress", "how can I handle stress better?"],
            "responses": ["Managing stress is important for well-being. What are some of the stressors you're dealing with?", "Let's discuss ways to manage and reduce stress. What techniques have you tried before?"]
        },
        {
            "tag": "work_life_balance",
            "patterns": ["balance work and life", "how do I balance work and life?", "work-life balance tips", "can you give me work-life balance tips?", "how to balance work and life", "how can I achieve work-life balance?"],
            "responses": ["Achieving work-life balance is essential. What areas do you find most challenging to balance?", "Let's explore strategies for work-life balance. What specific issues are you facing with balancing work and personal life?"]
        },
        {
            "tag": "mentor_feedback",
            "patterns": ["mentor feedback", "how do I give feedback to my mentor?", "rate mentor", "how can I rate my mentor?", "mentor performance", "how is my mentor performing?"],
            "responses": ["Your feedback about your mentor is valuable. How has your experience been with your mentor so far?", "Let's discuss your mentor's performance. Do you have any specific feedback or concerns?"]
        },
        {
            "tag": "mentee_support",
            "patterns": ["mentee support", "how do I support my mentee?", "help mentee", "what's the best way to help my mentee?", "mentee guidance", "how can I guide my mentee?"],
            "responses": ["Supporting your mentee is crucial. What specific areas does your mentee need help with?", "Let's discuss ways to effectively guide your mentee. What challenges is your mentee facing?"]
        },
        {
            "tag": "goal_setting",
            "patterns": ["setting goals", "how do I set goals?", "goal planning", "what's the best way to plan goals?", "create goals", "how can I create effective goals?"],
            "responses": ["Setting goals is essential for success. What are some areas you want to focus on?", "Let's create a goal-setting plan. What specific outcomes do you want to achieve?"]
        },
        {
            "tag": "self_assessment",
            "patterns": ["self-assessment", "how do I assess myself?", "self-evaluation", "what's the best way to evaluate myself?", "personal assessment", "how can I perform a personal assessment?"],
            "responses": ["Self-assessment is important for growth. What areas do you want to evaluate?", "Let's discuss your self-assessment. What specific aspects of your performance do you want to review?"]
        },
        {
            "tag": "conflict_resolution",
            "patterns": ["resolve conflict", "how do I resolve conflicts?", "handle disagreements", "what's the best way to handle disagreements?", "conflict management", "how can I manage conflicts effectively?"],
            "responses": ["Resolving conflicts is crucial for maintaining good relationships. What conflicts are you currently facing?", "Let's work on conflict resolution strategies. What specific issues do you need help with?"]
        },
        {
            "tag": "peer_feedback",
            "patterns": ["peer feedback", "how do I give feedback to peers?", "feedback for colleagues", "what's the best way to give feedback to colleagues?", "peer review", "how can I conduct a peer review?"],
            "responses": ["Providing peer feedback is important. What specific feedback do you want to give to your peers?", "Let's discuss ways to give effective feedback to colleagues. What are some areas you want to address?"]
        },
        {
            "tag": "leadership_development",
            "patterns": ["leadership skills", "how do I develop leadership skills?", "leadership development", "what's the best way to become a better leader?", "improve leadership", "how can I improve my leadership abilities?"],
            "responses": ["Developing leadership skills is key to career growth. What specific areas of leadership do you want to focus on?", "Let's create a plan for your leadership development. What leadership qualities do you want to enhance?"]
        },
        {
            "tag": "emotional_intelligence",
            "patterns": ["emotional intelligence", "how do I improve emotional intelligence?", "understand emotions", "what's the best way to understand emotions?", "emotional awareness", "how can I become more emotionally aware?"],
            "responses": ["Improving emotional intelligence is important for personal and professional relationships. What aspects of emotional intelligence do you want to work on?", "Let's discuss ways to enhance your emotional intelligence. What specific skills do you want to develop?"]
        },
        {
            "tag": "decision_making",
            "patterns": ["decision making", "how do I make better decisions?", "decision strategies", "what's the best way to make decisions?", "improve decision making", "how can I improve my decision-making skills?"],
            "responses": ["Making better decisions is crucial for success. What types of decisions are you struggling with?", "Let's work on your decision-making skills. What specific decision-making strategies do you want to explore?"]
        },
        {
            "tag": "productivity_tips",
            "patterns": ["productivity tips", "how do I increase productivity?", "be more productive", "what's the best way to be more productive?", "improve productivity", "how can I improve my productivity?"],
            "responses": ["Increasing productivity is key to achieving goals. What areas do you want to focus on to be more productive?", "Let's discuss productivity tips. What specific challenges are you facing with productivity?"]
        }
    ]
}
